-- 1.
CREATE TABLE SUPPLIER(SCODE VARCHAR(5) PRIMARY KEY,SNAME CHAR(20),SCITY CHAR(10),TURNOVER INT);
CREATE TABLE PART(PCODE VARCHAR(5) PRIMARY KEY,WEIGH INT,COLOR CHAR(5),COST INT,SELLINGPRICE INT(10));
CREATE TABLE SUPPLIER_PART(
SCODE VARCHAR(5),PCODE VARCHAR(5),QTY INT,
FOREIGN KEY(SCODE) REFERENCES SUPPLIER(SCODE),FOREIGN KEY (PCODE) REFERENCES PART(PCODE));
INSERT INTO SUPPLIER VALUES
('S0001','SUMIT','MUMBAI',50),
('S0002','PANDIT','NASHIK',NULL),
('S0003','HARESH','PUNE',56),
('S0004','RAMESH','SURAT',84),
('S0005','KAMLESH','VADODARA',72);

INSERT INTO PART VALUES
('P0001',23,'GREY',20,100),
('P0002',75,'WHITE',34,120),
('P0003',31,'WHITE',45,130),
('P0004',92,'BLACK',30,79),
('P0005',34,'BLUE',42,99);

INSERT INTO SUPPLIER_PART VALUES
('S0001','P0004',3),
('S0003','P0005',4),
('S0002','P0001',5),
('S0004','P0002',7),
('S0005','P0003',8),
('S0003','P0002',2),
('S0003','P0004',15),
('S0001','P0003',30),
('S0001','P0001',22),
('S0005','P0005',99),
('S0002','P0003',20);


-- 2.
SELECT SCODE,PCODE FROM SUPPLIER_PART ORDER BY SCODE ASC;
SELECT * FROM SUPPLIER WHERE SCITY="MUMBAI" AND TURNOVER=50;
SELECT COUNT(SCODE) FROM SUPPLIER;
SELECT PCODE,WEIGH FROM PART WHERE WEIGH>25 AND WEIGH<35;
SELECT SCODE FROM SUPPLIER WHERE TURNOVER IS NULL;
SELECT PCODE,COST FROM PART WHERE COST=20 OR COST=30 OR COST=40;
SELECT SUM(QTY) FROM SUPPLIER_PART WHERE PCODE="P0002";
SELECT SNAME FROM SUPPLIER WHERE SCODE IN (SELECT SCODE FROM SUPPLIER_PART WHERE PCODE="P0002");
SELECT PCODE,COST FROM PART WHERE COST>(SELECT AVG(COST) FROM PART);
SELECT SCODE,TURNOVER FROM SUPPLIER ORDER BY TURNOVER DESC;